id,email,created_at,is_valid,campaign_name
,elizabethyoung@williams.com,,1,1
,georgewayne@gmail.com,,1,1
,wjones@rojas-hahn.com,,1,1
,scotttorres@lee.org,,1,1
,phillipwong@galvan.biz,,1,1
,sarah21@hotmail.com,,1,1
,murrayalex@yahoo.com,,1,1
,madisondixon@hotmail.com,,1,1
,philip25@hotmail.com,,1,1
,andersonjoseph@yahoo.com,,1,1
,craig61@wilson-hughes.info,,1,1
,tsmith@yahoo.com,,1,1
,katrina48@gmail.com,,1,1
,hinestimothy@gmail.com,,1,1
,bkerr@yahoo.com,,1,1
,amandafrancis@collins.com,,1,1
,mrivera@gmail.com,,1,1
,tgonzales@yang-cobb.com,,1,1
,charlesolsen@vargas.com,,1,1
,randallwilliam@yahoo.com,,1,1
,alejandro58@townsend.com,,1,1
,ocrawford@hotmail.com,,1,1
,craighaley@fox.com,,1,1
,ybird@yahoo.com,,1,1
,nperez@richardson.com,,1,1
,ryan93@harper.com,,1,1
,josephvega@gmail.com,,1,1
,espinozabrooke@williams.com,,1,1
,carolyoung@yahoo.com,,1,1
,gmorrison@hotmail.com,,1,1
,wjacobs@hotmail.com,,1,1
,joel58@ball.org,,1,1
,rherrera@yahoo.com,,1,1
,kleingail@hotmail.com,,1,1
,christopher75@gmail.com,,1,1
,rodriguezdebra@french-howell.com,,1,1
,alberthiggins@yahoo.com,,1,1
,josephhogan@yahoo.com,,1,1
,trevor73@hotmail.com,,1,1
,benjaminnelson@hotmail.com,,1,1
,oduncan@hotmail.com,,1,1
,wyattmindy@hotmail.com,,1,1
,judy88@mercado-davis.info,,1,1
,greermark@harrell-martinez.com,,1,1
,littlemartha@gmail.com,,1,1
,jenniferwilliams@gmail.com,,1,1
,lee14@brown-lee.com,,1,1
,jstewart@gmail.com,,1,1
,kimberly96@yahoo.com,,1,1
,johnduarte@gmail.com,,1,1
,robertsonjames@gmail.com,,1,1
,pmoore@simmons-summers.com,,1,1
,larry53@yahoo.com,,1,1
,samantha97@hotmail.com,,1,1
,madams@yahoo.com,,1,1
,qjones@pacheco-acevedo.com,,1,1
,hhughes@carey.info,,1,1
,floresjenna@lawson.com,,1,1
,jasonaguirre@yahoo.com,,1,1
,lauren61@mcclain.com,,1,1
,piercedale@cox-ingram.info,,1,1
,xthomas@gonzalez.com,,1,1
,owilson@hotmail.com,,1,1
,smendez@griffin.com,,1,1
,joellevy@kim.com,,1,1
,agrant@yahoo.com,,1,1
,amandaduarte@hotmail.com,,1,1
,buckleyjessica@price.net,,1,1
,ogill@hotmail.com,,1,1
,johnsonalyssa@hotmail.com,,1,1
,michelle04@yahoo.com,,1,1
,kristinabryan@mayo-ibarra.com,,1,1
,zimmermanrebecca@gmail.com,,1,1
,michaelgonzalez@robinson-acosta.com,,1,1
,amy04@hotmail.com,,1,1
,zachary37@douglas.com,,1,1
,dawn56@snow.com,,1,1
,pberry@gmail.com,,1,1
,vlowery@yahoo.com,,1,1
,sarayoung@austin-williams.com,,1,1
,baldwinshannon@davis-hall.com,,1,1
,samantha39@yahoo.com,,1,1
,jessicajackson@gmail.com,,1,1
,georgebright@hotmail.com,,1,1
,grahamchad@melton.biz,,1,1
,nataliegilbert@hotmail.com,,1,1
,turneramy@dunn.org,,1,1
,cowannicholas@gmail.com,,1,1
,khanaaron@gregory-garrison.com,,1,1
,seancrawford@hotmail.com,,1,1
,calvin26@rodriguez-chandler.com,,1,1
,benjaminrivera@rivera.org,,1,1
,qryan@glover.com,,1,1
,burgessjohn@johnson-patton.com,,1,1
,kimberlywhite@gmail.com,,1,1
,ymoore@sanders-smith.org,,1,1
,kevinmoran@hotmail.com,,1,1
,amanda56@rangel.com,,1,1
,lorraine36@yahoo.com,,1,1
,rothsuzanne@solomon.com,,1,1
,qcampos@jones-fletcher.com,,1,1
,jgriffin@martin.com,,1,1
,scottbecky@gmail.com,,1,1
,robert75@burke.com,,1,1
,cantutara@gmail.com,,1,1
,davismichael@maldonado-pope.com,,1,1
,stacyjohnston@watson-ortega.org,,1,1
,swright@davis.com,,1,1
,gordonsavannah@cooper.info,,1,1
,jefferyclayton@yahoo.com,,1,1
,hunterkevin@yahoo.com,,1,1
,melissawilliams@hotmail.com,,1,1
,rmartin@gmail.com,,1,1
,paul87@hotmail.com,,1,1
,aaron64@campbell-davis.com,,1,1
,wstevenson@hotmail.com,,1,1
,james05@newman.com,,1,1
,ronaldlove@hotmail.com,,1,1
,martinkimberly@gmail.com,,1,1
,otownsend@schwartz.com,,1,1
,katrinasmith@yahoo.com,,1,1
,danielfischer@yahoo.com,,1,1
,anthonyaguirre@hotmail.com,,1,1
,robindavis@jones.com,,1,1
,brandiparker@hotmail.com,,1,1
,jasonevans@robertson.com,,1,1
,alexandra88@gmail.com,,1,1
,leah24@hotmail.com,,1,1
,mariawilliams@hotmail.com,,1,1
,castillojames@gmail.com,,1,1
,duncanjean@gmail.com,,1,1
,erin88@wise-simon.net,,1,1
,jason51@davis-morrow.biz,,1,1
,james33@johnson-smith.com,,1,1
,allenrebecca@hotmail.com,,1,1
,meltonwilliam@moore.com,,1,1
,lisa42@yahoo.com,,1,1
,iwalsh@orozco.com,,1,1
,thompsonholly@marshall.com,,1,1
,lauraherrera@krueger.org,,1,1
,eric12@gmail.com,,1,1
,michael79@morales.biz,,1,1
,zrodriguez@hotmail.com,,1,1
,isabelsmith@bishop.com,,1,1
,owilliams@yahoo.com,,1,1
,gomezbrittany@hotmail.com,,1,1
,susanbernard@hendrix-lane.com,,1,1
,ufletcher@hotmail.com,,1,1
,maydavid@hill.com,,1,1
,ecaldwell@vargas-sharp.org,,1,1
,andrew00@barker.net,,1,1
,tfox@yahoo.com,,1,1
,matthew35@yahoo.com,,1,1
,morganmichael@weber-oliver.net,,1,1
,watsonkaren@hotmail.com,,1,1
,ronald19@phelps.org,,1,1
,gregoryreed@white.org,,1,1
,beckermark@hotmail.com,,1,1
,michaelhale@gmail.com,,1,1
,angelhuffman@hotmail.com,,1,1
,fnelson@jones.com,,1,1
,colechristopher@cook.com,,1,1
,qmathis@nolan.biz,,1,1
,johnmcdaniel@swanson-fowler.info,,1,1
,acevedoanna@gmail.com,,1,1
,katrinawheeler@yahoo.com,,1,1
,olivia24@moss-garcia.com,,1,1
,dlittle@gmail.com,,1,1
,holiver@daugherty.com,,1,1
,lowerymichelle@hotmail.com,,1,1
,codypoole@bell-craig.com,,1,1
,barbara49@ruiz-ramos.com,,1,1
,jgibson@gmail.com,,1,1
,jonathan77@moore.com,,1,1
,brewerandre@king.com,,1,1
,ncarroll@haynes-stephenson.biz,,1,1
,coreygray@miller-rodriguez.org,,1,1
,kristenjacobson@yahoo.com,,1,1
,joneschristina@miles.com,,1,1
,samanthacooper@jones.org,,1,1
,tschmitt@mccormick-lamb.com,,1,1
,rmoody@lucas.com,,1,1
,dfowler@howell.com,,1,1
,palmermason@moore.com,,1,1
,nicole87@roberson.org,,1,1
,jonathan75@yahoo.com,,1,1
,xburns@garcia.com,,1,1
,scottchristopher@hotmail.com,,1,1
,crystalbrown@hotmail.com,,1,1
,bakeredward@gallegos.com,,1,1
,mclaughlinnatasha@neal.net,,1,1
,brockanthony@castillo-scott.com,,1,1
,lisa62@gmail.com,,1,1
,kyle30@hotmail.com,,1,1
,powellricky@gonzalez.biz,,1,1
,afrench@hotmail.com,,1,1
,david19@mccann-anderson.com,,1,1
,ecox@harding.biz,,1,1
,bgonzalez@hotmail.com,,1,1
,james43@yahoo.com,,1,1
,dramirez@yahoo.com,,1,1
,rachel12@myers.info,,1,1
,walterscott@hotmail.com,,1,1
,leemelissa@smith.com,,1,1
,daniellematthews@gmail.com,,1,1
,clong@yahoo.com,,1,1
,mcfarlandsusan@perez.com,,1,1
,lindaschroeder@hurley.net,,1,1
,fergusondustin@yahoo.com,,1,1
,tdavidson@lopez-lucas.org,,1,1
,brittneywilliams@king-thompson.com,,1,1
,jamesvazquez@hall.net,,1,1
,higginsgerald@yahoo.com,,1,1
,ajohnson@alvarez.biz,,1,1
,fharris@yahoo.com,,1,1
,jermainenichols@brown.com,,1,1
,karensalazar@perez.com,,1,1
,thomasbarnes@maxwell.com,,1,1
,aaronpowell@mann.com,,1,1
,wintersheather@gmail.com,,1,1
,matthewslynn@gmail.com,,1,1
,suarezcynthia@gmail.com,,1,1
,kelleyadam@ward-barry.com,,1,1
,christine05@yahoo.com,,1,1
,lindsay42@dickerson.info,,1,1
,billy76@yahoo.com,,1,1
,abell@anderson.net,,1,1
,garciamary@gmail.com,,1,1
,laura26@hotmail.com,,1,1
,cheryl20@yahoo.com,,1,1
,marisa76@mora.info,,1,1
,katrina85@gmail.com,,1,1
,mknapp@singh-terry.net,,1,1
,ybishop@reynolds.info,,1,1
,qdavies@carson.org,,1,1
,wcruz@keller.com,,1,1
,kenneth22@smith.com,,1,1
,tperez@sanchez-hernandez.com,,1,1
,rhodesethan@yahoo.com,,1,1
,nholland@young.com,,1,1
,kbrown@hotmail.com,,1,1
,georgegilbert@casey-griffin.org,,1,1
,blake19@long-reilly.com,,1,1
,kennethcohen@martinez.com,,1,1
,melindahughes@yahoo.com,,1,1
,timothy87@gmail.com,,1,1
,ramirezjulia@yahoo.com,,1,1
,montoyajames@mendez-winters.org,,1,1
,alexaherrera@hotmail.com,,1,1
,joshuajackson@brown.org,,1,1
,krystal93@gardner.net,,1,1
,jonathan78@gmail.com,,1,1
,frankbarr@gmail.com,,1,1
,anabartlett@yahoo.com,,1,1
,sullivankurt@gmail.com,,1,1
,joseph56@hotmail.com,,1,1
,churcherica@hotmail.com,,1,1
,juliewilliams@gmail.com,,1,1
,nmack@yahoo.com,,1,1
,joshuasanchez@mann-mccoy.com,,1,1
,sabrinaschultz@rivera.info,,1,1
,katie08@reeves-rojas.com,,1,1
,gutierrezjerome@yahoo.com,,1,1
,andersontamara@gmail.com,,1,1
,mramsey@hotmail.com,,1,1
,pamela65@williamson.com,,1,1
,littlejacob@gmail.com,,1,1
,rebeccacastillo@miller-perry.com,,1,1
,nathan10@pollard-scott.org,,1,1
,ktaylor@weaver.com,,1,1
,jameskayla@hotmail.com,,1,1
,amandafinley@gmail.com,,1,1
,keithmatthews@raymond.org,,1,1
,jwallace@smith.biz,,1,1
,mitchellreyes@riley.com,,1,1
,ptaylor@hotmail.com,,1,1
,christopherking@gmail.com,,1,1
,kathywalker@gmail.com,,1,1
,jennifer13@hotmail.com,,1,1
,ttaylor@yahoo.com,,1,1
,amysanchez@miller-chambers.com,,1,1
,jonesscott@davis.net,,1,1
,espinozatimothy@hotmail.com,,1,1
,qpatel@ewing.biz,,1,1
,fisherkyle@mejia-day.com,,1,1
,richardsonbetty@yahoo.com,,1,1
,alexandriarandall@torres-drake.com,,1,1
,rodriguezcynthia@bell.com,,1,1
,wunatalie@kane.com,,1,1
,stevengardner@gill.com,,1,1
,melissa71@gmail.com,,1,1
,debra71@austin-graves.com,,1,1
,millermelissa@gmail.com,,1,1
,tiffany25@hotmail.com,,1,1
,garciapatricia@gmail.com,,1,1
,oherring@gmail.com,,1,1
,tylersmith@hotmail.com,,1,1
,vclayton@hotmail.com,,1,1
,jerrystafford@gmail.com,,1,1
,qclark@gmail.com,,1,1
,john79@gmail.com,,1,1
,petersdylan@ryan.com,,1,1
,raydaniel@gmail.com,,1,1
,david35@yahoo.com,,1,1
,gonzalezmary@hotmail.com,,1,1
,robertscharles@russo-conner.com,,1,1
,robinsonryan@huffman.net,,1,1
,spencer72@flowers.com,,1,1
,jasminetaylor@hotmail.com,,1,1
,sarah25@gmail.com,,1,1
,davisleah@campbell-williams.com,,1,1
,johnsontiffany@yahoo.com,,1,1
,rgarcia@clayton.org,,1,1
,huangyesenia@gmail.com,,1,1
,cluna@hotmail.com,,1,1
,wherrera@hubbard.com,,1,1
,crystal56@anderson.biz,,1,1
,robertorobinson@yahoo.com,,1,1
,sbeard@hotmail.com,,1,1
,dawn88@yahoo.com,,1,1
,kariboyd@carter.com,,1,1
,ortizlarry@day.biz,,1,1
,roy93@gmail.com,,1,1
,stephenday@hotmail.com,,1,1
,troysmith@bell.com,,1,1
,montoyarobert@yahoo.com,,1,1
,marcusrogers@vincent.com,,1,1
,ztaylor@hotmail.com,,1,1
,mollylewis@yahoo.com,,1,1
,smithrichard@mcbride.com,,1,1
,munozshawn@hotmail.com,,1,1
,crystal41@king.com,,1,1
,rogersethan@turner.com,,1,1
,barbarabrown@yahoo.com,,1,1
,roberthamilton@hotmail.com,,1,1
,gsteele@gmail.com,,1,1
,joshuamartinez@freeman.org,,1,1
,wilsonsamantha@white.com,,1,1
,sheila16@yahoo.com,,1,1
,michellecoffey@yahoo.com,,1,1
,shawmeghan@yahoo.com,,1,1
,crystal58@gutierrez-rivera.com,,1,1
,gwarren@brown.com,,1,1
,jhorne@gmail.com,,1,1
,ryanmanning@bruce-miller.com,,1,1
,iandrews@vaughn.org,,1,1
,vjohnson@alvarez-scott.com,,1,1
,wwalker@yahoo.com,,1,1
,amcmillan@lee.info,,1,1
,michael67@strickland-holloway.com,,1,1
,stephanie94@yahoo.com,,1,1
,rachelmyers@williams.com,,1,1
,ucastillo@smith.info,,1,1
,llambert@may.com,,1,1
,krista53@austin.net,,1,1
,scottdana@marks.net,,1,1
,kimberly16@yahoo.com,,1,1
,tiffany96@yahoo.com,,1,1
,fisherronald@yahoo.com,,1,1
,benjaminfields@gmail.com,,1,1
,sarahshepard@sullivan.com,,1,1
,vincentobrien@jackson-jackson.com,,1,1
,tatelinda@yahoo.com,,1,1
,jeffsmith@hotmail.com,,1,1
,xellis@young.org,,1,1
,taylor35@harvey-smith.com,,1,1
,jreese@gmail.com,,1,1
,joneskarina@yahoo.com,,1,1
,wmiller@gmail.com,,1,1
,vmorales@wyatt.com,,1,1
,phernandez@gillespie.com,,1,1
,aconway@wilson.com,,1,1
,uwhite@hotmail.com,,1,1
,trancandace@hotmail.com,,1,1
,brendacaldwell@gmail.com,,1,1
,bwalker@yahoo.com,,1,1
,edward64@crawford.net,,1,1
,smithsandra@gmail.com,,1,1
,lsanchez@george.org,,1,1
,elizabeth49@gmail.com,,1,1
,jeremiah95@baker-hamilton.info,,1,1
,bbrooks@hotmail.com,,1,1
,hayesjanet@jones.com,,1,1
,hurleydanielle@fleming.net,,1,1
,patrick54@yahoo.com,,1,1
,newmanariel@moore-lucero.com,,1,1
,lopezlynn@johnson-carter.com,,1,1
,gallaghercindy@hotmail.com,,1,1
,obrienwilliam@yahoo.com,,1,1
,mark36@gmail.com,,1,1
,nancy13@gmail.com,,1,1
,gwilson@gilmore.net,,1,1
,simpsonmario@yahoo.com,,1,1
,amy54@baker.com,,1,1
,keithschmidt@yahoo.com,,1,1
,zsmith@gmail.com,,1,1
,shuynh@martin.com,,1,1
,andrew80@gmail.com,,1,1
,omitchell@alvarado-jackson.com,,1,1
,aprilgamble@yahoo.com,,1,1
,alvarezpaul@gmail.com,,1,1
,lauren23@pace.com,,1,1
,jamie33@vasquez-sanchez.com,,1,1
,frank43@gmail.com,,1,1
,campbellgloria@hotmail.com,,1,1
,brownkaren@yahoo.com,,1,1
,jeffreyhill@yahoo.com,,1,1
,cthomas@hotmail.com,,1,1
,destiny92@hotmail.com,,1,1
,lauren87@hotmail.com,,1,1
,hansenbrian@gmail.com,,1,1
,ajones@salas.com,,1,1
,zwilliams@rich.com,,1,1
,andersonkayla@gmail.com,,1,1
,david00@hodge.com,,1,1
,estradanicole@chandler.org,,1,1
,xbaker@ellis.com,,1,1
,rachelgray@wilson.biz,,1,1
,johnsonashley@gmail.com,,1,1
,kathleen77@chambers.com,,1,1
,tortega@contreras.org,,1,1
,cameron67@berry-turner.com,,1,1
,samanthasmith@hotmail.com,,1,1
,lrichardson@davis.info,,1,1
,johnsonjames@hotmail.com,,1,1
,joselang@johnson.com,,1,1
,rossruth@yahoo.com,,1,1
,watkinsjason@anderson-riley.com,,1,1
,odunn@yahoo.com,,1,1
,alyssa08@yahoo.com,,1,1
,jonesrebecca@hotmail.com,,1,1
,maria76@hotmail.com,,1,1
,jonathan95@martinez.com,,1,1
,stephanie67@velasquez.com,,1,1
,danielrichardson@gmail.com,,1,1
,mlang@maldonado.biz,,1,1
,jamiebailey@gmail.com,,1,1
,carsonwalter@figueroa-thomas.info,,1,1
,kburgess@gmail.com,,1,1
,ecox@jackson-butler.info,,1,1
,catherineshea@murphy.info,,1,1
,justinsnyder@gmail.com,,1,1
,julie34@johnson.biz,,1,1
,haileywood@morgan.com,,1,1
,brandiburke@hernandez.com,,1,1
,tjames@reed-greer.info,,1,1
,darlenelopez@gmail.com,,1,1
,imiller@gmail.com,,1,1
,martinalyssa@yahoo.com,,1,1
,shaneparker@yahoo.com,,1,1
,brookethompson@smith-randolph.com,,1,1
,hhale@myers.com,,1,1
,martinezlaura@campos-martinez.com,,1,1
,kandersen@spencer.org,,1,1
,sarajones@gmail.com,,1,1
,carla33@gmail.com,,1,1
,obriggs@rios.org,,1,1
,leeadrian@zhang.com,,1,1
,jessicaburke@hotmail.com,,1,1
,stacey86@lewis-becker.org,,1,1
,jenniferbarnes@sharp-davis.info,,1,1
,wbooker@yahoo.com,,1,1
,craigramirez@gmail.com,,1,1
,robertjacobs@gmail.com,,1,1
,sjohnson@gmail.com,,1,1
,gcarr@gmail.com,,1,1
,thomasjeffrey@gray-stewart.com,,1,1
,aharding@ferguson.com,,1,1
,tatekristin@lee.info,,1,1
,herreracody@hardin-fleming.info,,1,1
,cynthiabutler@hotmail.com,,1,1
,kiarabrown@yahoo.com,,1,1
,monicaoliver@joseph-thompson.com,,1,1
,jacksonsamantha@gmail.com,,1,1
,hardyjustin@long.com,,1,1
,stacey51@hotmail.com,,1,1
,katiemurray@yahoo.com,,1,1
,jeremiah97@yahoo.com,,1,1
,grayjessica@smith-johnson.com,,1,1
,kimberlycarr@gmail.com,,1,1
,sarah12@hotmail.com,,1,1
,paynegwendolyn@gmail.com,,1,1
,amberhampton@hotmail.com,,1,1
,sandrakelly@hotmail.com,,1,1
,christinaclark@robinson.com,,1,1
,richard69@jackson-ewing.com,,1,1
,whiteelizabeth@kerr-cox.com,,1,1
,apruitt@gmail.com,,1,1
,ccampbell@ramirez.com,,1,1
,lewisbeth@bowman.net,,1,1
,jacob42@combs.net,,1,1
,fwarren@hotmail.com,,1,1
,heatherdawson@ruiz-patterson.com,,1,1
,meganwelch@perry-oconnor.com,,1,1
,thompsonkelly@morris.com,,1,1
,smithdanielle@yahoo.com,,1,1
,ubrown@yahoo.com,,1,1
,donna66@melton.com,,1,1
,tamarahall@gmail.com,,1,1
,brandy55@reed.com,,1,1
,jgutierrez@hall.com,,1,1
,pamela41@yahoo.com,,1,1
,johnnynicholson@hart.com,,1,1
,geraldpoole@mcknight.info,,1,1
,jessicahenry@hotmail.com,,1,1
,jamesevans@gilbert.com,,1,1
,josephwilliams@pennington.com,,1,1
,monicaallen@hotmail.com,,1,1
,kevinjohnson@clark-hudson.net,,1,1
,thomas05@hotmail.com,,1,1
,debra69@yahoo.com,,1,1
,michael11@jordan.com,,1,1
,leejames@hotmail.com,,1,1
,rmiller@yahoo.com,,1,1
,qrobertson@cole.org,,1,1
,laura79@yahoo.com,,1,1
,lawrencematthew@hotmail.com,,1,1
,rallison@hotmail.com,,1,1
,reyesphilip@gmail.com,,1,1
,brittanyrogers@cruz-lewis.com,,1,1
,michaelsherman@gmail.com,,1,1
,fcoleman@christensen-larson.com,,1,1
,irichmond@hotmail.com,,1,1
,jared57@calderon.biz,,1,1
,veronica40@hotmail.com,,1,1
,chloe57@parker-wong.com,,1,1
,thomasgarcia@gmail.com,,1,1
,joe67@gmail.com,,1,1
,kaylariley@thomas.biz,,1,1
,myersrobert@yahoo.com,,1,1
,christie82@yahoo.com,,1,1
,nmartin@mayer.net,,1,1
,derickson@hotmail.com,,1,1
,roseryan@gmail.com,,1,1
,butlermary@yahoo.com,,1,1
,michelle25@hernandez.com,,1,1
,fitzgeraldelizabeth@yahoo.com,,1,1
,ashleygarcia@hotmail.com,,1,1
,gsullivan@gmail.com,,1,1
,daniel78@hotmail.com,,1,1
,owensrita@valenzuela-aguilar.com,,1,1
,haley85@hotmail.com,,1,1
,ramosangela@yahoo.com,,1,1
,parrishnancy@yahoo.com,,1,1
,robinsondenise@brown.com,,1,1
,victorialeblanc@gmail.com,,1,1
,julia07@yahoo.com,,1,1
,bcarey@gmail.com,,1,1
,scott14@gmail.com,,1,1
,obennett@herrera.com,,1,1
,ashleyfields@holden-moore.com,,1,1
,aaron57@collins.com,,1,1
,katherinehinton@gmail.com,,1,1
,paul40@robinson-le.com,,1,1
,hickswhitney@douglas.com,,1,1
,hoffmanbianca@gmail.com,,1,1
,solomonsean@case.biz,,1,1
,glen00@hotmail.com,,1,1
,maria59@hotmail.com,,1,1
,mallory08@gmail.com,,1,1
,blackburnchristopher@good-perez.net,,1,1
,jwalker@hotmail.com,,1,1
,kperez@everett.com,,1,1
,stephen25@gmail.com,,1,1
,timothy06@yahoo.com,,1,1
,eramirez@douglas-williams.com,,1,1
,mjohnson@guerrero-gonzalez.org,,1,1
,edward42@hotmail.com,,1,1
,brownjoshua@yahoo.com,,1,1
,casenicholas@mann.com,,1,1
,mary04@kaufman.com,,1,1
,clarkjeffery@yahoo.com,,1,1
,owendenise@chandler.com,,1,1
,owatkins@gmail.com,,1,1
,jessethomas@barton-salinas.net,,1,1
,ashley89@roberson.com,,1,1
,swansonteresa@stewart.info,,1,1
,jon89@howard.com,,1,1
,crystal64@lopez.org,,1,1
,jeffrey01@yahoo.com,,1,1
,loveamy@thomas.com,,1,1
,hilljennifer@gray.com,,1,1
,laura32@jackson.net,,1,1
,bryan08@avila.com,,1,1
,edward84@hotmail.com,,1,1
,sarah24@gmail.com,,1,1
,kennedyangela@frey.com,,1,1
,phamilton@gmail.com,,1,1
,susanclark@gmail.com,,1,1
,wjoseph@soto-foley.net,,1,1
,paulshelton@ross.com,,1,1
,ryan00@melton.com,,1,1
,sheila79@jones.biz,,1,1
,mcguirerebecca@hotmail.com,,1,1
,whitedavid@gmail.com,,1,1
,emoore@hopkins.com,,1,1
,wpratt@gmail.com,,1,1
,amullins@boyer-smith.net,,1,1
,danavega@carson.com,,1,1
,davisjustin@yahoo.com,,1,1
,garrisonlisa@gray.org,,1,1
,keith63@yahoo.com,,1,1
,victoriaward@gmail.com,,1,1
,maria83@gmail.com,,1,1
,steven69@hotmail.com,,1,1
,markharris@gmail.com,,1,1
,carrilloadam@miller-martinez.com,,1,1
,iweeks@hotmail.com,,1,1
,dcarr@stone-kennedy.org,,1,1
,scottmoore@barrett-cohen.com,,1,1
,iperry@gmail.com,,1,1
,simmonsjasmine@hotmail.com,,1,1
,murphyadriana@schroeder.com,,1,1
,heathermorgan@kennedy.com,,1,1
,raycook@dennis.biz,,1,1
,fritzkaitlyn@west-rodriguez.com,,1,1
,williamgray@hotmail.com,,1,1
,heather82@petersen-harris.info,,1,1
,mitchelljamie@rose-flores.com,,1,1
,jordanrobert@lozano.com,,1,1
,rgomez@gmail.com,,1,1
,krussell@yahoo.com,,1,1
,srivera@griffith-ellis.com,,1,1
,omay@ibarra.net,,1,1
,andrew17@yahoo.com,,1,1
,jeremyaustin@hotmail.com,,1,1
,ryangomez@yahoo.com,,1,1
,michael53@hotmail.com,,1,1
,zleonard@yahoo.com,,1,1
,ischmidt@harris.com,,1,1
,cjames@wilson.info,,1,1
,joe30@hotmail.com,,1,1
,taylor08@guzman.com,,1,1
,randyjones@brooks.com,,1,1
,shafferlaurie@hotmail.com,,1,1
,woodpeter@greene.net,,1,1
,smithmindy@skinner.com,,1,1
,jennifermendoza@williams-torres.biz,,1,1
,leonard79@vance-clark.com,,1,1
,ashleybailey@yahoo.com,,1,1
,bjenkins@fernandez.com,,1,1
,barry82@edwards-grant.com,,1,1
,danny52@marshall.com,,1,1
,jenkinsmolly@escobar.net,,1,1
,robersonstephanie@flores.com,,1,1
,adamsvanessa@burton-anderson.net,,1,1
,perezchristopher@gmail.com,,1,1
,kelly94@hotmail.com,,1,1
,mmcfarland@hotmail.com,,1,1
,setholiver@gmail.com,,1,1
,gerald03@melton-sanchez.com,,1,1
,castromackenzie@hotmail.com,,1,1
,russelllittle@williams-daugherty.com,,1,1
,katherinebarrera@rivera.net,,1,1
,thomas14@gmail.com,,1,1
,vhernandez@cooper.biz,,1,1
,johncollins@hotmail.com,,1,1
,lambryan@yahoo.com,,1,1
,gloria36@walker.com,,1,1
,ramirezkenneth@ortiz.com,,1,1
,huertabrian@hotmail.com,,1,1
,smithchristine@dean.com,,1,1
,gjones@hotmail.com,,1,1
,patriciasmith@yahoo.com,,1,1
,williamgordon@herrera.com,,1,1
,tgarza@horton-jenkins.com,,1,1
,harrislori@gmail.com,,1,1
,watersbarry@hansen-price.info,,1,1
,millerjulie@gmail.com,,1,1
,john19@yahoo.com,,1,1
,adonovan@cooper.com,,1,1
,novakrobert@hotmail.com,,1,1
,kimberlyhernandez@lopez-washington.com,,1,1
,matthewsosa@martinez-johnson.com,,1,1
,jackfloyd@gmail.com,,1,1
,leslie73@foster-gonzalez.org,,1,1
,sheila67@hotmail.com,,1,1
,mcosta@gmail.com,,1,1
,seanhines@martin-ford.info,,1,1
,adam31@todd.com,,1,1
,elizabeth74@yahoo.com,,1,1
,natashavasquez@james.net,,1,1
,ericjohnson@gmail.com,,1,1
,kinghannah@lane-lee.com,,1,1
,hillsavannah@williams-adams.com,,1,1
,danielle03@yahoo.com,,1,1
,teresarichardson@griffin-jackson.com,,1,1
,parkerdavid@gmail.com,,1,1
,josephkim@mueller.com,,1,1
,tonyhoward@murray.biz,,1,1
,amy02@rivers-ayala.com,,1,1
,melinda01@yahoo.com,,1,1
,klynn@yahoo.com,,1,1
,lmorris@whitehead-beck.net,,1,1
,carrie79@mccormick-alvarado.com,,1,1
,jason16@gmail.com,,1,1
,andres30@gmail.com,,1,1
,ajames@gmail.com,,1,1
,ugallegos@hotmail.com,,1,1
,vnguyen@gmail.com,,1,1
,anthonycruz@anderson.info,,1,1
,reesetimothy@briggs.com,,1,1
,robin55@golden.com,,1,1
,meaganmoss@gmail.com,,1,1
,churchronald@yahoo.com,,1,1
,robert23@zavala.com,,1,1
,jessehays@yahoo.com,,1,1
,evanselizabeth@rocha-vega.com,,1,1
,wcoleman@hotmail.com,,1,1
,vhamilton@cook.com,,1,1
,derrick18@robinson-clark.com,,1,1
,lthompson@santana.com,,1,1
,fordelizabeth@jones.net,,1,1
,estradablake@casey.org,,1,1
,coxharold@hernandez.biz,,1,1
,qrobertson@hotmail.com,,1,1
,nbrown@johnson-vance.com,,1,1
,kwalker@thomas.com,,1,1
,mariemayo@garcia-powers.org,,1,1
,sharon48@yahoo.com,,1,1
,jenkinsfaith@green-stephenson.com,,1,1
,herreraelizabeth@gmail.com,,1,1
,rachel06@gomez.com,,1,1
,olsonandrew@yahoo.com,,1,1
,tammy58@cross.biz,,1,1
,qflores@brown-howard.net,,1,1
,asanders@hotmail.com,,1,1
,terri63@torres-mora.com,,1,1
,sharon95@williams-williams.info,,1,1
,alexis42@gmail.com,,1,1
,tstrickland@hotmail.com,,1,1
,johnsoneric@thompson.biz,,1,1
,mbautista@gmail.com,,1,1
,arnoldanna@nash.com,,1,1
,catherine90@yahoo.com,,1,1
,michael43@sharp-haynes.net,,1,1
,daniel02@anderson-james.biz,,1,1
,heathergutierrez@jones.com,,1,1
,sylviaschultz@skinner.com,,1,1
,alex70@gmail.com,,1,1
,austinbrian@gmail.com,,1,1
,lukejames@mueller.com,,1,1
,estradaeduardo@hotmail.com,,1,1
,blairbonnie@gmail.com,,1,1
,breed@jackson.com,,1,1
,danielfischer@yahoo.com,,1,1
,jcampbell@newton.com,,1,1
,michelle20@gmail.com,,1,1
,richardsphilip@reynolds-decker.biz,,1,1
,xrodriguez@pope.com,,1,1
,grichardson@nichols-sims.com,,1,1
,ucontreras@rojas.biz,,1,1
,uford@west-wilson.biz,,1,1
,morrisondenise@hotmail.com,,1,1
,briannamcmillan@graves-hurley.com,,1,1
,hollyburton@howard.org,,1,1
,andrewsjulie@brooks.biz,,1,1
,frhodes@martinez.org,,1,1
,jlynn@phillips.com,,1,1
,robertwallace@johnson-clark.org,,1,1
,ppitts@miller.com,,1,1
,williamschristopher@wolf.com,,1,1
,whitejennifer@gmail.com,,1,1
,stacey65@hernandez-swanson.biz,,1,1
,zthompson@yahoo.com,,1,1
,andrew35@reeves.biz,,1,1
,raymondthomas@pena.com,,1,1
,casewilliam@porter.com,,1,1
,gcontreras@curry.biz,,1,1
,johnsondaniel@gmail.com,,1,1
,cparsons@yahoo.com,,1,1
,michael38@yahoo.com,,1,1
,lauren30@yahoo.com,,1,1
,vchristian@schmidt-gonzales.biz,,1,1
,john42@allen.info,,1,1
,michelleguzman@yahoo.com,,1,1
,ashleymoore@hotmail.com,,1,1
,ronaldtucker@gardner-santos.com,,1,1
,christopherhall@hotmail.com,,1,1
,milesjennifer@gmail.com,,1,1
,michellelyons@willis-atkins.com,,1,1
,michael02@olson.com,,1,1
,melissa93@smith-thompson.org,,1,1
,xtorres@hotmail.com,,1,1
,isaac75@hotmail.com,,1,1
,amy96@gmail.com,,1,1
,mejiajessica@wilcox.info,,1,1
,christophernoble@cook.com,,1,1
,xochoa@yahoo.com,,1,1
,brandon04@murphy.org,,1,1
,frankelizabeth@gmail.com,,1,1
,heather56@young-hughes.org,,1,1
,patrickcain@yahoo.com,,1,1
,ckennedy@stone-allen.net,,1,1
,frederickdiana@gmail.com,,1,1
,matthewlawrence@hotmail.com,,1,1
,gregorygreen@gmail.com,,1,1
,zgonzalez@yahoo.com,,1,1
,nmills@green-anderson.com,,1,1
,bryan@yahoo.com,,1,1
,oblair@gonzalez.com,,1,1
,maldonadojose@estrada.com,,1,1
,charles01@yahoo.com,,1,1
,gary02@becker.com,,1,1
,linda03@hotmail.com,,1,1
,nwilliamson@hotmail.com,,1,1
,johnsonsusan@woodward-ford.biz,,1,1
,debrajordan@griffin.net,,1,1
,lambertandrea@garcia.org,,1,1
,danielle96@hotmail.com,,1,1
,riverajoshua@wallace-wood.com,,1,1
,andersonkimberly@gmail.com,,1,1
,jennifer70@huff-jones.org,,1,1
,zbrown@ruiz-brooks.com,,1,1
,dawnnichols@yahoo.com,,1,1
,justinguerra@yahoo.com,,1,1
,hardymartha@snow.com,,1,1
,rubiovictoria@lynch.com,,1,1
,uyoder@smith.com,,1,1
,curryjulia@harmon-mayer.biz,,1,1
,dclark@gmail.com,,1,1
,michaelcasey@gmail.com,,1,1
,tgonzalez@hotmail.com,,1,1
,kevin50@hotmail.com,,1,1
,lcross@gmail.com,,1,1
,whiteanthony@stephens.com,,1,1
,allison58@yahoo.com,,1,1
,christianhoward@newton.org,,1,1
,ycharles@alexander-sanchez.com,,1,1
,jodonnell@gmail.com,,1,1
,martinjessica@gmail.com,,1,1
,rivasjacob@west-miles.com,,1,1
,lsimmons@fisher.biz,,1,1
,lhernandez@aguilar-melton.com,,1,1
,andrew75@taylor.net,,1,1
,dharris@brandt-morris.info,,1,1
,shannon43@white.biz,,1,1
,cassandra88@hotmail.com,,1,1
,jennifer65@collins.com,,1,1
,browndorothy@schmidt.info,,1,1
,nfields@ewing.biz,,1,1
,gthomas@moore-moore.info,,1,1
,bethcox@shepard-morales.net,,1,1
,cmedina@oliver-copeland.com,,1,1
,zfrench@hotmail.com,,1,1
,dean12@hughes-farley.net,,1,1
,hendersonalyssa@hotmail.com,,1,1
,frankkaufman@yahoo.com,,1,1
,amandaking@yahoo.com,,1,1
,bgriffin@lindsey-wright.com,,1,1
,foxjessica@hotmail.com,,1,1
,walshkarl@martinez.com,,1,1
,burnettsydney@smith.info,,1,1
,jason46@thomas.com,,1,1
,kross@carter.org,,1,1
,staceybanks@williams.com,,1,1
,jennifer85@edwards-mcdonald.info,,1,1
,judith62@gonzales.com,,1,1
,ashley89@yahoo.com,,1,1
,veronicamason@yahoo.com,,1,1
,jennifer89@blake.biz,,1,1
,heather49@daniels.net,,1,1
,mstewart@gmail.com,,1,1
,ljohnson@hotmail.com,,1,1
,herrerajeremy@strickland.com,,1,1
,fowlereileen@hotmail.com,,1,1
,seanbridges@valdez-jones.info,,1,1
,amy91@hotmail.com,,1,1
,laurenalexander@wallace.com,,1,1
,jennasimmons@coffey-walters.com,,1,1
,blarson@yahoo.com,,1,1
,daniel56@johnson-raymond.com,,1,1
,tracywright@gmail.com,,1,1
,amy84@yahoo.com,,1,1
,patricklopez@richard-ellis.com,,1,1
,ingramsteven@hotmail.com,,1,1
,cheryl09@yahoo.com,,1,1
,jilllong@hotmail.com,,1,1
,moralesmary@hotmail.com,,1,1
,ngonzalez@hughes.net,,1,1
,michelle68@chapman.info,,1,1
,knappshannon@gmail.com,,1,1
,lthompson@fox.biz,,1,1
,vreyes@wheeler-chapman.biz,,1,1
,jfranklin@luna.com,,1,1
,matthew40@cameron.org,,1,1
,aaron31@leblanc.org,,1,1
,fjohnson@gmail.com,,1,1
,mary66@morrow.com,,1,1
,jcook@romero-hunt.info,,1,1
,kevin77@hotmail.com,,1,1
,francisbryan@gmail.com,,1,1
,wayne08@yahoo.com,,1,1
,gonzalezkrista@scott.com,,1,1
,emilylee@gmail.com,,1,1
,natalie69@rivera.net,,1,1
,sharonmathis@allison.com,,1,1
,yruiz@anderson-burns.org,,1,1
,frankthomas@reed-johnson.org,,1,1
,bishopjulie@yahoo.com,,1,1
,alex10@hotmail.com,,1,1
,shoover@brown-shaw.info,,1,1
,johnjefferson@bean.com,,1,1
,morrisonbrandi@simmons.org,,1,1
,montoyajennifer@cooper-williams.org,,1,1
,amanda44@armstrong-fry.com,,1,1
,melissa02@gmail.com,,1,1
,cassandra44@russell.com,,1,1
,jennifer44@gmail.com,,1,1
,stephen51@hunt.com,,1,1
,sheena10@yahoo.com,,1,1
,bruceheidi@clarke.com,,1,1
,martinamy@andrade.biz,,1,1
,emily77@gmail.com,,1,1
,matthew02@clark.net,,1,1
,alyssa41@adams.com,,1,1
,hicksdonna@gmail.com,,1,1
,xstark@yahoo.com,,1,1
,kathleenguerra@gmail.com,,1,1
,jackrichards@dunn.biz,,1,1
,haneyvirginia@gmail.com,,1,1
,hensleyzachary@morris.net,,1,1
,kwong@yahoo.com,,1,1
,xarias@jordan-murray.org,,1,1
,davidhansen@hotmail.com,,1,1
,timothy13@gmail.com,,1,1
,james22@yahoo.com,,1,1
,gibbsjoshua@lambert.com,,1,1
,dhansen@williams.com,,1,1
,maddenadrienne@hotmail.com,,1,1
,nnorton@holland.com,,1,1
,kristenshepard@gmail.com,,1,1
,kathleensimmons@yahoo.com,,1,1
,bradley24@yahoo.com,,1,1
,wilcoxcaitlin@hotmail.com,,1,1
,mary43@lawson.com,,1,1
,veronicaho@costa.com,,1,1
,bennettdiana@roth.com,,1,1
,rlee@yahoo.com,,1,1
,anthonydavis@cervantes.com,,1,1
,pauljohn@yahoo.com,,1,1
,christinanewman@gmail.com,,1,1
,mariaperez@hotmail.com,,1,1
,amber70@gmail.com,,1,1
,zestrada@nicholson-rosario.net,,1,1
,bmosley@kelly.com,,1,1
,jrussell@lin.com,,1,1
,amber63@hotmail.com,,1,1
,acowan@morgan.com,,1,1
,xsuarez@ellis-rodriguez.com,,1,1
,youngelizabeth@garcia.org,,1,1
,ugomez@hotmail.com,,1,1
,williammurphy@yahoo.com,,1,1
,vtaylor@hotmail.com,,1,1
,toddevans@whitaker.net,,1,1
,youngemily@jordan.com,,1,1
,kathleen33@whitaker-mclaughlin.info,,1,1
,hgonzales@rodriguez-holmes.com,,1,1
,jacksonjennifer@escobar.com,,1,1
,bennettstephen@boyd.net,,1,1
,stephanie57@ashley.net,,1,1
,brittany06@mercado.com,,1,1
,jonathanshah@smith-garrison.com,,1,1
,xallen@gmail.com,,1,1
,lisayoung@patterson.net,,1,1
,jzimmerman@montes.com,,1,1
,robert72@jackson.com,,1,1
,henryangela@hotmail.com,,1,1
,dawn13@brooks.com,,1,1
,mlin@wood-moore.com,,1,1
,jerry47@vega.org,,1,1
,matthewhancock@hotmail.com,,1,1
,katiecarr@hotmail.com,,1,1
,stevenbowman@martin-christian.org,,1,1
,mercadoamy@hotmail.com,,1,1
,williamsstephanie@yahoo.com,,1,1
,mitchellalexander@nelson-velez.com,,1,1
,vkim@bennett.com,,1,1
,craig27@wilson-collins.com,,1,1
,aclark@yahoo.com,,1,1
,michaelrodriguez@carpenter-cruz.com,,1,1
,amysanchez@taylor-cole.com,,1,1
,orozcolaura@gmail.com,,1,1
,christinebrown@munoz.info,,1,1
,jason04@beck.com,,1,1
,lindagordon@gmail.com,,1,1
,rcamacho@diaz.net,,1,1
,timothymartinez@farrell.net,,1,1
,fjenkins@hotmail.com,,1,1
,flewis@hotmail.com,,1,1
,hernandezchristopher@bell-wilson.com,,1,1
,joannamora@gmail.com,,1,1
,cjohnson@hotmail.com,,1,1
,joseph43@tyler.com,,1,1
,teresa14@burton.net,,1,1
,yorkkimberly@yahoo.com,,1,1
,iguzman@kirby.org,,1,1
,garciajose@hotmail.com,,1,1
,petersondebbie@yahoo.com,,1,1
,brittneygarcia@gmail.com,,1,1
,larryallen@hotmail.com,,1,1
,isaacwatson@yahoo.com,,1,1
,fryan@hotmail.com,,1,1
,emily11@gmail.com,,1,1
,angellong@floyd-scott.com,,1,1
,paul15@montes-wilcox.com,,1,1
,hwood@davis.info,,1,1
,amyball@yahoo.com,,1,1
,kingpaul@johnson.com,,1,1
,susan43@webb-fox.biz,,1,1
,tamarasmith@hotmail.com,,1,1
,austincameron@juarez-malone.net,,1,1
,carrillocarol@moss.org,,1,1
,garrettsanchez@hotmail.com,,1,1
,theresa66@bradley.com,,1,1
,umartinez@hotmail.com,,1,1
,lopezstephanie@hotmail.com,,1,1
,lynnmckay@yahoo.com,,1,1
,bryanfarmer@watson.com,,1,1
,olsonnicole@curtis.com,,1,1
,tonistout@cole.com,,1,1
,burnsnatalie@meza.com,,1,1
,brian24@le.biz,,1,1
,elizabethgonzales@burke.com,,1,1
,tboyle@yahoo.com,,1,1
,bweaver@herrera.com,,1,1
,ashley27@hotmail.com,,1,1
,rhonda98@yahoo.com,,1,1
,robertevans@hotmail.com,,1,1
,lindahess@smith-burns.com,,1,1
,kristy86@harris.biz,,1,1
,taylordebra@gmail.com,,1,1
,mshannon@gmail.com,,1,1
,robert65@norton-dunlap.com,,1,1
,andrescook@wright-jones.info,,1,1
,aroberts@fischer-arnold.info,,1,1
,sarahnguyen@monroe.com,,1,1
,mhansen@mccoy-warren.com,,1,1
,dennisjohnson@hotmail.com,,1,1
,tara62@murphy.info,,1,1
,ortegakenneth@lane-berger.com,,1,1
,kimberly69@yahoo.com,,1,1
,marythomas@wood.com,,1,1
,kflores@yahoo.com,,1,1
,andre61@hotmail.com,,1,1
,lisaanderson@yahoo.com,,1,1
,jeremymcdaniel@eaton-murphy.com,,1,1
,varnold@warren.com,,1,1
,lindsay16@payne.com,,1,1
,carlsonalexis@romero-johnson.com,,1,1
,kellyfox@fisher.com,,1,1
,ewillis@yahoo.com,,1,1
,lori39@yahoo.com,,1,1
,xgreen@hotmail.com,,1,1
,kirkdaniel@coleman.com,,1,1
,zgarcia@hotmail.com,,1,1
,erichall@hotmail.com,,1,1
,lisa80@evans-mcknight.org,,1,1
,racosta@jones-richards.info,,1,1
,stephanie61@jones.net,,1,1
,nicholasdrake@yahoo.com,,1,1
,denise29@gmail.com,,1,1
,andrewhawkins@vargas.info,,1,1
,ljordan@yahoo.com,,1,1
,janet90@grimes.biz,,1,1
,wriggs@hotmail.com,,1,1
,ryan63@gmail.com,,1,1
,laurenhill@gmail.com,,1,1
,carlsonjohn@yahoo.com,,1,1
,taylorflowers@hotmail.com,,1,1
,davidvelazquez@gmail.com,,1,1
,gregorybullock@yahoo.com,,1,1
,nancyhorn@ballard.com,,1,1
,gregory05@reese.com,,1,1
,jcardenas@gmail.com,,1,1
,lwallace@smith.com,,1,1
,cyoung@glass.biz,,1,1
,griffinbryan@hayden.info,,1,1
,randall58@hotmail.com,,1,1
,thompsonbryan@ochoa-knox.com,,1,1
,adorsey@frank.com,,1,1
,ewilliams@perez.biz,,1,1
,wflores@yahoo.com,,1,1
,phillipsmeredith@hotmail.com,,1,1
,ajames@cole.net,,1,1
,courtney78@nelson.com,,1,1
,christopher25@mcdaniel-donaldson.com,,1,1
,gwalter@barnett.com,,1,1
,andrew36@hotmail.com,,1,1
,leeemily@williams.info,,1,1
,charlesgreen@gmail.com,,1,1
,beckermichael@paul.com,,1,1
,stacy50@waller-santana.info,,1,1
,michael07@richardson.com,,1,1
,berrykenneth@hamilton-sanders.net,,1,1
,andrewroman@hotmail.com,,1,1
,annettenguyen@williams.com,,1,1
,caitlin08@anthony-dean.info,,1,1
,diane62@young.com,,1,1
,melissawilson@gmail.com,,1,1
,shermanmarcus@gmail.com,,1,1
,martin87@gmail.com,,1,1
,xlivingston@yahoo.com,,1,1
,leeangela@yahoo.com,,1,1
,kellycobb@jordan.net,,1,1
,gabriella91@jimenez.net,,1,1
,wendyryan@barry-orozco.com,,1,1
,murphymichelle@bell-fernandez.org,,1,1
,david42@kelly-walker.com,,1,1
,john39@frye.biz,,1,1
,kstafford@hotmail.com,,1,1
,codydavis@yahoo.com,,1,1
,malik32@costa.info,,1,1
,epalmer@mccall-baker.com,,1,1
,idavis@gmail.com,,1,1
,dkim@hotmail.com,,1,1
,andersonlinda@simmons-kelly.com,,1,1
,stephenklein@yahoo.com,,1,1
,kcoleman@flores-greene.org,,1,1
,hollyanderson@woods-flores.info,,1,1
,deckermaria@mcgee.com,,1,1
,james80@yahoo.com,,1,1
,sarah44@hernandez.com,,1,1
,erica82@hotmail.com,,1,1
,lynn61@haley-thompson.net,,1,1
,cwallace@yahoo.com,,1,1
,matthewsmith@hotmail.com,,1,1
,thompsonkayla@gmail.com,,1,1
,daisynavarro@gmail.com,,1,1
,moorethomas@morris.biz,,1,1
,daniel37@mitchell.com,,1,1
,cole05@bird.net,,1,1
,meyersalexander@ryan-patterson.com,,1,1
,pricegreg@williamson-carson.com,,1,1
,nathaniel09@henderson.org,,1,1
,hernandezjoshua@yahoo.com,,1,1
,kristinagonzalez@rojas-pierce.net,,1,1
,michael26@yahoo.com,,1,1
,kaitlynparker@hamilton.com,,1,1
,mcardenas@gmail.com,,1,1
,vargascarrie@tucker.com,,1,1
,terryshari@lopez-erickson.biz,,1,1
,kevin32@yahoo.com,,1,1
,michelle62@allen-washington.com,,1,1
,leslie15@dawson.biz,,1,1
,brittany53@barrett.com,,1,1
,urobbins@hotmail.com,,1,1
,ruthedwards@gmail.com,,1,1
,sgutierrez@duarte.org,,1,1
,gilmoremary@richmond-mclaughlin.info,,1,1
,jwalter@gutierrez.com,,1,1
,morganperez@hotmail.com,,1,1
,mcgeejon@ramirez-hill.biz,,1,1
,stonemichael@nicholson-colon.org,,1,1
,ksmith@mann.com,,1,1
,whitenathaniel@barton-brown.org,,1,1
,cuevasdonna@jones.com,,1,1
,tcalderon@williams.com,,1,1
,sbennett@hotmail.com,,1,1
,noblechris@gmail.com,,1,1
,adamsshannon@rodriguez.info,,1,1
,ffoster@parker.com,,1,1
,david96@conley.info,,1,1
,dyerryan@boyd-green.com,,1,1
,gmcdonald@hammond-fuentes.com,,1,1
,leahestrada@gmail.com,,1,1
,shelly00@gmail.com,,1,1
,cgrimes@howard.com,,1,1
,wilsonjasmine@anderson.com,,1,1
,schmidtrodney@gmail.com,,1,1
,grahamscott@reed-rogers.com,,1,1
,nbrown@gmail.com,,1,1
,paul01@doyle-smith.net,,1,1
,ywalker@smith.com,,1,1
,angela07@gmail.com,,1,1
,jose03@hicks.com,,1,1
,stevenwatkins@gmail.com,,1,1
,robertolson@yahoo.com,,1,1
,mercadobill@hotmail.com,,1,1
,deantodd@hester.org,,1,1
,ksmith@gmail.com,,1,1
,michelle14@butler.org,,1,1
,emilyhensley@clark.org,,1,1
,landrynatasha@hotmail.com,,1,1
,julie22@gay.com,,1,1
,michele17@reeves.com,,1,1
,tara35@meyer.com,,1,1
,emilypeters@riley.info,,1,1
,jamesconway@anderson.com,,1,1
,hnguyen@yahoo.com,,1,1
,abartlett@blankenship.com,,1,1
,howardnancy@gmail.com,,1,1
,taylor74@robinson-fisher.com,,1,1
,ronald96@williams.com,,1,1
,hjohnson@finley.com,,1,1
,ljackson@martinez-may.com,,1,1
,kristin12@mills-moore.com,,1,1
,heidibrock@hotmail.com,,1,1
,tina99@hotmail.com,,1,1
,cheryl35@cameron-mills.com,,1,1
,shieldsbryan@edwards.com,,1,1
,michaelmay@savage-love.com,,1,1
,stephanieglenn@garrison.com,,1,1
,rhowell@yahoo.com,,1,1
,ypennington@turner.info,,1,1
,hthompson@collins.biz,,1,1
,nmartinez@yahoo.com,,1,1
,ksalazar@nguyen.com,,1,1
,tgriffin@vasquez.com,,1,1
,brianleon@martin.com,,1,1
,sharongray@martin.com,,1,1
,ryansalazar@jordan-richardson.com,,1,1
,lbray@schmidt.info,,1,1
,oguerrero@hotmail.com,,1,1
,kurthoover@cruz.com,,1,1
,torresdavid@aguilar-sanchez.biz,,1,1
,jody87@young.com,,1,1
,sullivantravis@hotmail.com,,1,1
,wesleycooper@yahoo.com,,1,1
,ashleymarshall@gmail.com,,1,1
,cgray@cox.com,,1,1
,gene32@stewart.org,,1,1
,pricejeremy@yahoo.com,,1,1
,joshua80@rose-thornton.com,,1,1
,christine41@norman.biz,,1,1
,oshort@hotmail.com,,1,1
,lesliedickson@morris.com,,1,1
,nancy74@gmail.com,,1,1
,danielsanchez@jenkins.com,,1,1
,josegarcia@davis.org,,1,1
,tammy97@yahoo.com,,1,1
,littlenancy@gmail.com,,1,1
,cevans@gmail.com,,1,1
,murphykatelyn@hanson.com,,1,1
,christopher39@yahoo.com,,1,1
,bellsean@hotmail.com,,1,1
,vnavarro@bishop.com,,1,1
,stephen03@yahoo.com,,1,1
,halecody@gonzales-deleon.com,,1,1
,obush@gmail.com,,1,1
,jeffreywatson@romero-brown.com,,1,1
,karen15@payne-wade.com,,1,1
,christopherhenry@yahoo.com,,1,1
,jwilliams@robinson.org,,1,1
,wadeluis@gmail.com,,1,1
,justin04@acevedo.com,,1,1
,lschultz@hall.com,,1,1
,lisathomas@cook.com,,1,1
,davidlawson@gmail.com,,1,1
,holly67@yahoo.com,,1,1
,ggonzalez@coleman.net,,1,1
,bradleydelgado@rivera-brooks.com,,1,1
,amberyoung@yahoo.com,,1,1
,dillonvillegas@lee.com,,1,1
,zballard@wiley-phillips.com,,1,1
,ghurst@taylor.org,,1,1
,dakota73@dickerson-duran.com,,1,1
,ocrawford@yahoo.com,,1,1
,matthew42@thompson.com,,1,1
,colekatherine@hotmail.com,,1,1
,melissajones@gmail.com,,1,1
,swood@brown.com,,1,1
,pedro56@hotmail.com,,1,1
,larrybradford@shields-levy.com,,1,1
,smithkenneth@yahoo.com,,1,1
,carlobrien@williamson.org,,1,1
,spencejennifer@yahoo.com,,1,1
,iking@yahoo.com,,1,1
,kathryn49@gmail.com,,1,1
,griffincarrie@gmail.com,,1,1
,smithraymond@lang.com,,1,1
,carterjesse@yahoo.com,,1,1
,zfranklin@joseph.com,,1,1
,anthony28@hotmail.com,,1,1
,dawnthompson@hotmail.com,,1,1
,dkeller@bernard.com,,1,1
,kellymoore@yahoo.com,,1,1
,hernandezkristen@scott.com,,1,1
,paulacallahan@hotmail.com,,1,1
,kevindunn@hunt.com,,1,1
,mark52@white.biz,,1,1
,susan75@watson-conway.com,,1,1
,christina67@hotmail.com,,1,1
,meganbrown@mills.com,,1,1
,katherinelarson@yahoo.com,,1,1
,rebeccagillespie@yahoo.com,,1,1
,susan57@rodriguez-woodward.com,,1,1
,nthompson@yahoo.com,,1,1
,barberlisa@hotmail.com,,1,1
,phillipskyle@powers.com,,1,1
,djohnson@yahoo.com,,1,1
,proctorjonathan@gmail.com,,1,1
,eshannon@hall-richardson.com,,1,1
,gonzalezamy@yahoo.com,,1,1
,xwyatt@gmail.com,,1,1
,sanchezaustin@contreras.biz,,1,1
,ericacevedo@gmail.com,,1,1
,staceyparks@warren.com,,1,1
,davisroger@hotmail.com,,1,1
,webbbrenda@martinez.info,,1,1
,uboyer@reed.com,,1,1
,jodyhanson@meyer-campbell.com,,1,1
,zkelly@yahoo.com,,1,1
,richard12@yahoo.com,,1,1
,robertharris@gmail.com,,1,1
,ashley84@smith.net,,1,1
,jasmine33@gmail.com,,1,1
,danielle74@gmail.com,,1,1
,elizabeth26@hotmail.com,,1,1
,stefanieenglish@yahoo.com,,1,1
,megan48@terry.org,,1,1
,ghood@andrade.org,,1,1
,hansendavid@gmail.com,,1,1
,djames@yahoo.com,,1,1
,bellalex@gmail.com,,1,1
,richard68@hotmail.com,,1,1
,dpatel@silva-murphy.com,,1,1
,nathanielsnyder@yahoo.com,,1,1
,aaronsexton@gmail.com,,1,1
,njohnson@hotmail.com,,1,1
,carriecrawford@sullivan.com,,1,1
,kim55@williams.biz,,1,1
,wrobinson@arroyo.biz,,1,1
,aburke@gmail.com,,1,1
,justin58@thompson.com,,1,1
,ecruz@hotmail.com,,1,1
,uerickson@campbell.biz,,1,1
,johnnychandler@hotmail.com,,1,1
,cainmichael@hotmail.com,,1,1
,jose25@hotmail.com,,1,1
,psullivan@johnson-wong.com,,1,1
,melissa76@gmail.com,,1,1
,brenda69@thompson.com,,1,1
,richardsdennis@hotmail.com,,1,1
,dedwards@hotmail.com,,1,1
,nsanchez@green-solomon.org,,1,1
,paula06@spencer.info,,1,1
,welchphilip@morgan.biz,,1,1
,williamalvarez@king.com,,1,1
,joan05@george.com,,1,1
,katherinebrown@ingram.com,,1,1
,awalker@hotmail.com,,1,1
,vanessa81@ford-mejia.biz,,1,1
,daleray@hotmail.com,,1,1
,oramos@hotmail.com,,1,1
,leslie96@dougherty.com,,1,1
,lyonsblake@hotmail.com,,1,1
,pcarey@rivas.net,,1,1
,ryanhancock@yahoo.com,,1,1
,erica57@gmail.com,,1,1
,meghanowens@anderson.biz,,1,1
,joycethompson@yahoo.com,,1,1
,jordanmichael@horn.info,,1,1
,dakotaschwartz@hotmail.com,,1,1
,bbell@matthews.com,,1,1
,rcraig@hotmail.com,,1,1
,reedsean@gmail.com,,1,1
,yscott@hunt.com,,1,1
,katherine38@tanner.net,,1,1
,fmiller@burns.com,,1,1
,danafrazier@rodriguez-garcia.com,,1,1
,millermelissa@fields-lyons.com,,1,1
,hansonmarissa@yahoo.com,,1,1
,brianna53@rice.com,,1,1
,garrettwalsh@gmail.com,,1,1
,david03@hotmail.com,,1,1
,katrinamorrison@rivera-bautista.com,,1,1
,tammiegraham@hotmail.com,,1,1
,matthewwilson@hall-henderson.com,,1,1
,jonathan20@mcdonald.com,,1,1
,clarkjacob@david.biz,,1,1
,michelejones@le-cunningham.com,,1,1
,brenthughes@hotmail.com,,1,1
,robert64@hotmail.com,,1,1
,faguilar@yahoo.com,,1,1
,revans@gmail.com,,1,1
,ayerschristina@yahoo.com,,1,1
,wferguson@fleming.com,,1,1
,rodriguezdarrell@gmail.com,,1,1
,ruizlisa@hotmail.com,,1,1
,emilyhoover@hotmail.com,,1,1
,powellstephen@harris-neal.com,,1,1
,jesse85@yahoo.com,,1,1
,xmartinez@gibbs-norman.com,,1,1
,wmcdaniel@gmail.com,,1,1
,nvelasquez@yahoo.com,,1,1
,paulcamacho@porter.com,,1,1
,michellejohnston@hotmail.com,,1,1
,jrandolph@gmail.com,,1,1
,rrosario@reed.com,,1,1
,timothyharmon@parker-erickson.org,,1,1
,ronald94@alvarez.com,,1,1
,webermegan@yahoo.com,,1,1
,hdillon@yahoo.com,,1,1
,hford@lewis-ross.com,,1,1
,sarahnixon@howell.org,,1,1
,qbrown@wright-flowers.com,,1,1
,amanda04@rose.info,,1,1
,jcastaneda@parker-herrera.com,,1,1
,simpsonlisa@barnes.com,,1,1
,phill@juarez-stevenson.com,,1,1
,mwilson@gmail.com,,1,1
,wmoore@blair.net,,1,1
,barryroberts@yahoo.com,,1,1
,carloshill@marshall.com,,1,1
,kimparrish@davis.biz,,1,1
,morannatasha@yahoo.com,,1,1
,gardnerthomas@yahoo.com,,1,1
,sharpalbert@yahoo.com,,1,1
,kaitlynwise@martinez.com,,1,1
,bradley09@hotmail.com,,1,1
,anneduran@hotmail.com,,1,1
,christina49@green.biz,,1,1
,kevinyoung@hotmail.com,,1,1
,gabriel51@watson.org,,1,1
,matthew63@meyer-griffith.info,,1,1
,zgomez@hotmail.com,,1,1
,brian81@underwood.org,,1,1
,bwright@yahoo.com,,1,1
,tcunningham@hotmail.com,,1,1
,davidnguyen@yahoo.com,,1,1
,sullivanbetty@patterson.com,,1,1
,davidturner@gmail.com,,1,1
,qcarpenter@yahoo.com,,1,1
,ewalker@yahoo.com,,1,1
,thomasgillespie@gmail.com,,1,1
,michellecarter@griffith.com,,1,1
,williegonzales@hotmail.com,,1,1
,amberwells@hotmail.com,,1,1
,josephbennett@hotmail.com,,1,1
,burkedonna@yahoo.com,,1,1
,uwhite@cannon.com,,1,1
,lkim@smith-torres.com,,1,1
,joshualittle@williams.com,,1,1
,ramireztimothy@wheeler-espinoza.biz,,1,1
,liujoseph@anderson.com,,1,1
,monicaryan@yahoo.com,,1,1
,fitzgeralddonna@gmail.com,,1,1
,tammycoleman@schmidt.net,,1,1
,collinsjames@yahoo.com,,1,1
,steven30@hotmail.com,,1,1
,opearson@hotmail.com,,1,1
,richard70@williams.com,,1,1
,ashleepacheco@williams.info,,1,1
,chelseaavery@gmail.com,,1,1
,carolthomas@williams.info,,1,1
,jenniferflores@yahoo.com,,1,1
,lcurtis@gmail.com,,1,1
,erin03@gmail.com,,1,1
,patrick22@orr.com,,1,1
,brianpeters@gmail.com,,1,1
,winterschristian@rowe-valencia.com,,1,1
,toddtina@thomas-hudson.biz,,1,1
,justinmartin@wise.com,,1,1
,monica06@yahoo.com,,1,1
,kaguilar@rivera.net,,1,1
,egonzalez@king.info,,1,1
,jessicaharding@wong.com,,1,1
,robertgeorge@hotmail.com,,1,1
,krichards@hayes.com,,1,1
,qmoore@saunders.net,,1,1
,markdavis@gmail.com,,1,1
,melindamason@hotmail.com,,1,1
,silvaanita@mccarthy.org,,1,1
,rodgersdenise@yahoo.com,,1,1
,jason67@parker-norman.com,,1,1
,pwagner@gmail.com,,1,1
,claytongriffin@hotmail.com,,1,1
,taylorkaylee@yahoo.com,,1,1
,dawsonlindsay@valenzuela.com,,1,1
,vincent97@hotmail.com,,1,1
,julie40@johnson.com,,1,1
,philipharris@brown-davis.com,,1,1
,geraldhoward@yahoo.com,,1,1
,hbenton@yahoo.com,,1,1
,syoung@yahoo.com,,1,1
,christopher36@phillips.com,,1,1
,rosetracy@yahoo.com,,1,1
,lawrencecarter@gmail.com,,1,1
,warren50@yahoo.com,,1,1
,moorerobert@yahoo.com,,1,1
,jkelly@yahoo.com,,1,1
,deckerisaac@yahoo.com,,1,1
,gward@whitaker-hood.net,,1,1
,jose64@yahoo.com,,1,1
,pcordova@brown.org,,1,1
,ocastillo@clements-frederick.com,,1,1
,rebeccaholmes@ramos.com,,1,1
,clarkechristian@yahoo.com,,1,1
,hoovergabriela@jones-solomon.org,,1,1
,acooper@yahoo.com,,1,1
,jacksondarrell@scott.com,,1,1
,abennett@taylor.net,,1,1
,dgomez@gill.com,,1,1
,christopher95@anderson.com,,1,1
,chelsea69@evans-robinson.info,,1,1
,angela39@hotmail.com,,1,1
,qcarlson@gmail.com,,1,1
,douglastucker@wilson-mata.net,,1,1
,millerkathryn@baker.org,,1,1
,trevortrevino@cole.com,,1,1
,smithdaniel@moran.com,,1,1
,laura92@welch-stokes.net,,1,1
,ecruz@hotmail.com,,1,1
,librandi@gmail.com,,1,1
,gilmorejohn@hotmail.com,,1,1
,whuynh@wilson.com,,1,1
,veronica67@gmail.com,,1,1
,youngvincent@hotmail.com,,1,1
,travis00@schultz.com,,1,1
,whiteheadrachel@lopez-ortiz.info,,1,1
,mckenziepaige@hotmail.com,,1,1
,gonzalezchristopher@gmail.com,,1,1
,thomasjustin@hotmail.com,,1,1
,gilesbailey@massey.com,,1,1
,stephanieschaefer@martin-dixon.com,,1,1
,jonesmelissa@hotmail.com,,1,1
,eric77@baker.net,,1,1
,dianacordova@yahoo.com,,1,1
,nwalker@jackson.com,,1,1
,xpalmer@gmail.com,,1,1
,george83@hubbard-gardner.info,,1,1
,allenamber@yahoo.com,,1,1
,fthompson@lewis-moss.com,,1,1
,yday@gmail.com,,1,1
,ethan70@porter-bell.biz,,1,1
,jhuff@watson-hill.biz,,1,1
,jthornton@gmail.com,,1,1
,jenniferlopez@yahoo.com,,1,1
,cmiles@reed-anderson.com,,1,1
,lwright@day.com,,1,1
,hunterford@fischer-james.com,,1,1
,anne96@valdez.info,,1,1
,wrightdaniel@hotmail.com,,1,1
,cliffordblackwell@gmail.com,,1,1
,juliashaffer@gmail.com,,1,1
,zmarshall@taylor-walters.com,,1,1
,robert09@gomez.com,,1,1
,albertbass@camacho.com,,1,1
,herbert60@gmail.com,,1,1
,fryedaniel@yahoo.com,,1,1
,andrerobles@hotmail.com,,1,1
,theresa87@ortiz.biz,,1,1
,perrydavid@hotmail.com,,1,1
,kingjohn@paul-lyons.com,,1,1
,zboyd@yahoo.com,,1,1
,gary58@hotmail.com,,1,1
,afowler@mckinney.com,,1,1
,johnsanders@hotmail.com,,1,1
,bclements@hotmail.com,,1,1
,isaiahbrandt@gmail.com,,1,1
,jenkinsdustin@hotmail.com,,1,1
,ccooper@hotmail.com,,1,1
,wrightdanielle@hotmail.com,,1,1
,dillonkimberly@davis-garcia.com,,1,1
,nicholasbush@anderson-castillo.info,,1,1
,armstrongtroy@yahoo.com,,1,1
,fhunt@snyder.com,,1,1
,jasonbridges@mckinney-macdonald.com,,1,1
,aliciachandler@hotmail.com,,1,1
,ucooper@beasley.org,,1,1
,carrie71@gmail.com,,1,1
,travis44@hotmail.com,,1,1
,erin11@hotmail.com,,1,1
,bestmaria@yahoo.com,,1,1
,zthompson@moody.org,,1,1
,erica55@phillips-brewer.info,,1,1
,amandamurphy@perez.com,,1,1
,smithmadison@johnson-dawson.info,,1,1
,johnsontony@lopez.org,,1,1
,jasongraves@hotmail.com,,1,1
,kimberly43@williams.net,,1,1
,mary14@lee.biz,,1,1
,scott63@hotmail.com,,1,1
,lopezchristopher@tran-nelson.com,,1,1
,william36@lyons.com,,1,1
,harrisalexis@wood.com,,1,1
,margaret50@miller-ward.com,,1,1
,leonardcynthia@gmail.com,,1,1
,jason75@villanueva.info,,1,1
,jessica91@gmail.com,,1,1
,zachary52@dixon-gill.com,,1,1
,jenna13@gallegos.com,,1,1
,garzadavid@hardy-williamson.com,,1,1
,joseph68@walton-cox.com,,1,1
,josephyoung@gmail.com,,1,1
,fwatts@mendoza-jones.biz,,1,1
,travisgutierrez@yahoo.com,,1,1
,cookkyle@barry.org,,1,1
,ztownsend@yahoo.com,,1,1
,cynthia82@gmail.com,,1,1
,charles14@yahoo.com,,1,1
,benjamin43@lewis.com,,1,1
,wbarker@ruiz.net,,1,1
,mlittle@jimenez-ortiz.com,,1,1
,qowens@yahoo.com,,1,1
,youngsean@lambert.com,,1,1
,martinezalyssa@yahoo.com,,1,1
,ebaldwin@yahoo.com,,1,1
,floresalexander@hotmail.com,,1,1
,johnsoncraig@hotmail.com,,1,1
,roachlawrence@shelton-ward.biz,,1,1
,brittany45@gmail.com,,1,1
,wjones@davis.com,,1,1
,reevessandra@harmon.org,,1,1
,ltaylor@peck-kelly.com,,1,1
,cabreraelizabeth@yahoo.com,,1,1
,benjaminbooth@fuentes-wilson.com,,1,1
,samantha37@hotmail.com,,1,1
,erowe@martin.com,,1,1
,richardsoncathy@mitchell.com,,1,1
,scottcarroll@gmail.com,,1,1
,mmoore@martin-green.com,,1,1
,orios@waters-sutton.com,,1,1
,aprilbenjamin@gmail.com,,1,1
,hernandeznicole@gmail.com,,1,1
,griffinkaren@ray.info,,1,1
,collierlarry@hotmail.com,,1,1
,johnroberts@dunlap.com,,1,1
,jamesthomas@hotmail.com,,1,1
,hnichols@hall-sellers.biz,,1,1
,jwalker@moore.com,,1,1
,katiebrown@gmail.com,,1,1
,morgandougherty@lane-stewart.com,,1,1
,maria39@wade.org,,1,1
,karen12@gmail.com,,1,1
,jennifermartinez@hotmail.com,,1,1
,washingtontony@taylor.com,,1,1
,nunezstephanie@wade.com,,1,1
,mcguirehaley@yahoo.com,,1,1
,aguirrejames@brooks-chandler.com,,1,1
,nicholas52@yahoo.com,,1,1
,williamclayton@martin-banks.info,,1,1
,charles16@sellers.com,,1,1
,leaharias@snyder-meyers.com,,1,1
,xsmith@hotmail.com,,1,1
,michael99@yahoo.com,,1,1
,andreburns@yahoo.com,,1,1
,sharon82@thompson-gonzalez.com,,1,1
,coleamanda@yahoo.com,,1,1
,dale19@hotmail.com,,1,1
,richardmurillo@turner-richards.org,,1,1
,ashley60@gmail.com,,1,1
,dhunter@martin.org,,1,1
,hollandtodd@yahoo.com,,1,1
,kimberlywatkins@murray-harrell.com,,1,1
,hstevens@yahoo.com,,1,1
,torresvanessa@yahoo.com,,1,1
,david34@hotmail.com,,1,1
,qlee@bradshaw.biz,,1,1
,davisjared@brown-lee.net,,1,1
,lindajordan@johnson.com,,1,1
,travis02@hall.com,,1,1
,theresa78@gmail.com,,1,1
,cberg@rios-jones.com,,1,1
,fcarson@hotmail.com,,1,1
,morganmccullough@pierce-hendrix.com,,1,1
,amber40@larson.com,,1,1
,garrisonpamela@hotmail.com,,1,1
,jaredbaker@thompson.biz,,1,1
,rdunn@hotmail.com,,1,1
,danielryan@gmail.com,,1,1
,aromero@campbell.com,,1,1
,robertthomas@meyer-daniel.com,,1,1
,diana55@hotmail.com,,1,1
,yhendrix@morrison.com,,1,1
,morenojesse@dixon-jackson.net,,1,1
,darylhill@gmail.com,,1,1
,pierceconnie@richards.info,,1,1
,charlesthompson@davis.com,,1,1
,tamaramcdonald@buchanan.com,,1,1
,durankenneth@hotmail.com,,1,1
,anthony18@harris-stevenson.net,,1,1
,monicawarner@mclaughlin.com,,1,1
,esparzabrian@flores-mullen.net,,1,1
,terri35@marquez-clarke.com,,1,1
,ufry@yahoo.com,,1,1
,maria10@hensley-young.com,,1,1
,tprice@walton.com,,1,1
,robert66@jacobs-fowler.com,,1,1
,tylerbeard@yahoo.com,,1,1
,kristycruz@mitchell.com,,1,1
,jeremy80@gmail.com,,1,1
,philipwilson@yahoo.com,,1,1
,albert17@gmail.com,,1,1
,mhall@hotmail.com,,1,1
,angelafowler@walker-farley.com,,1,1
,russellnathan@ward.info,,1,1
,dwagner@peterson-morrison.com,,1,1
,michaelabbott@meza.org,,1,1
,mary88@gmail.com,,1,1
,ayersjames@cardenas-campos.biz,,1,1
,ericahickman@mckinney.com,,1,1
,sarathompson@gmail.com,,1,1
,ibaird@hotmail.com,,1,1
,mromero@myers-hill.org,,1,1
,jasonjohnson@espinoza.com,,1,1
,dickersonjenna@morris.com,,1,1
,yvonnehaney@miller.com,,1,1
,millerrick@hotmail.com,,1,1
,nicole41@cooke.com,,1,1
,seanhester@gmail.com,,1,1
,diane86@yahoo.com,,1,1
,hahnalexander@burgess-martin.com,,1,1
,stevenskelli@yahoo.com,,1,1
,robert83@hernandez.com,,1,1
,uthomas@hotmail.com,,1,1
,laurenbaldwin@patterson.biz,,1,1
,daniel39@gmail.com,,1,1
,ryanrichards@hotmail.com,,1,1
,huangterri@gmail.com,,1,1
,michelewilliams@hotmail.com,,1,1
,nwagner@gmail.com,,1,1
,laurenporter@sanchez.net,,1,1
,kaitlin91@brooks.com,,1,1
,walkerbridget@perez.com,,1,1
,jamesmurray@daniels-martin.com,,1,1
,brittneyjohnson@gmail.com,,1,1
,nicolemiller@mcgrath.com,,1,1
,kjones@hotmail.com,,1,1
,russellkelsey@hotmail.com,,1,1
,fbarber@gmail.com,,1,1
,evelyn63@gmail.com,,1,1
,rjohnson@yahoo.com,,1,1
,daniel11@williams-scott.info,,1,1
,ochristensen@ryan-moore.biz,,1,1
,ashley71@hotmail.com,,1,1
,brownsabrina@schultz.org,,1,1
,samantha26@yahoo.com,,1,1
,howardthomas@gmail.com,,1,1
,jacksoncassandra@cantrell.com,,1,1
,gabrielgardner@guzman.biz,,1,1
,sanderszachary@yahoo.com,,1,1
,sethgarcia@quinn-noble.org,,1,1
,sheribell@hotmail.com,,1,1
,caleb65@yahoo.com,,1,1
,carol64@yahoo.com,,1,1
,mariahoward@smith.net,,1,1
,adamsjohn@cherry.biz,,1,1
,tiffanywilliams@deleon.net,,1,1
,roystacy@clark.com,,1,1
,joannmoss@hotmail.com,,1,1
,hlopez@aguirre-hill.biz,,1,1
,annahart@gmail.com,,1,1
,lopezjay@hotmail.com,,1,1
,stevensonrenee@yahoo.com,,1,1
,joycerichard@hotmail.com,,1,1
,amydominguez@gmail.com,,1,1
,poncejose@yahoo.com,,1,1
,youngmichael@yahoo.com,,1,1
,phurst@perez.biz,,1,1
,blakeann@nelson-smith.com,,1,1
,lpace@gmail.com,,1,1
,jacobstewart@hughes.biz,,1,1
,awhitaker@hotmail.com,,1,1
,crawfordamanda@vasquez.info,,1,1
,charleslee@hotmail.com,,1,1
,ashley89@yahoo.com,,1,1
,pmiller@yahoo.com,,1,1
,robert11@gmail.com,,1,1
,alexis55@noble-pearson.com,,1,1
,joshua95@johnson.org,,1,1
,awilkins@roberts-smith.com,,1,1
,ramirezwilliam@robbins-marshall.com,,1,1
,jeremiah94@yahoo.com,,1,1
,patrick75@hotmail.com,,1,1
,dlee@everett-bowman.org,,1,1
,robert43@yahoo.com,,1,1
,hcruz@ewing-goodwin.com,,1,1
,davilatracey@ramos.biz,,1,1
,mary32@arnold-flores.biz,,1,1
,caitlinkim@hotmail.com,,1,1
,edwardhenry@boyle.com,,1,1
,ikline@yahoo.com,,1,1
,lisa20@anderson.com,,1,1
,nicole06@harrison-bennett.org,,1,1
,nancy89@yahoo.com,,1,1
,bhenderson@burns.net,,1,1
,aprilwright@hotmail.com,,1,1
,daniel06@gmail.com,,1,1
,mccannscott@gmail.com,,1,1
,qwhite@yahoo.com,,1,1
,tamara80@yahoo.com,,1,1
,katelyn94@cooper.com,,1,1
,vanessa88@yahoo.com,,1,1
,vsmith@hotmail.com,,1,1
,amberaguirre@gmail.com,,1,1
,lisa07@becker-garcia.biz,,1,1
,larry84@hotmail.com,,1,1
,stacey86@gmail.com,,1,1
,floydpamela@hotmail.com,,1,1
,shelly28@williams-fernandez.com,,1,1
,logan74@sherman.com,,1,1
,josephsweeney@turner.com,,1,1
,jonathanmayo@bennett-carter.com,,1,1
,oliverdawn@smith.biz,,1,1
,robinsonkatherine@figueroa.com,,1,1
,timothy26@yahoo.com,,1,1
,brenda86@hamilton-smith.com,,1,1
,brownjohn@oconnell.org,,1,1
,leonardjohnson@gmail.com,,1,1
,david12@blanchard.com,,1,1
,sloansarah@lin.biz,,1,1
,leslie41@yahoo.com,,1,1
,kingronald@yahoo.com,,1,1
,bbrown@hotmail.com,,1,1
,kelleyjennifer@yahoo.com,,1,1
,james34@hotmail.com,,1,1
,angelaparrish@dunlap-lester.com,,1,1
,fcox@hotmail.com,,1,1
,qcole@hotmail.com,,1,1
,zwatts@hotmail.com,,1,1
,vhughes@gmail.com,,1,1
,andreramirez@kelley.com,,1,1
,lopezandrew@gmail.com,,1,1
,gsantana@hotmail.com,,1,1
,nthomas@brooks.com,,1,1
,tmccoy@yahoo.com,,1,1
,jillalvarez@lyons.info,,1,1
,michele87@yahoo.com,,1,1
,monica92@hotmail.com,,1,1
,daniel00@reyes.com,,1,1
,lauren30@nelson-marquez.com,,1,1
,gregglover@hotmail.com,,1,1
,barbarasilva@blair-hernandez.net,,1,1
,baileytownsend@jones.com,,1,1
,teresa85@gmail.com,,1,1
,youngscott@hotmail.com,,1,1
,madison53@gmail.com,,1,1
,khernandez@thomas.com,,1,1
,jfinley@sanders.com,,1,1
,zmyers@johnson-brown.com,,1,1
,eramsey@gmail.com,,1,1
,cgonzales@yahoo.com,,1,1
,sbruce@munoz.biz,,1,1
,rmarshall@myers.com,,1,1
,webbdana@villegas-jackson.org,,1,1
,monica32@simon.net,,1,1
,mcleanandrew@yahoo.com,,1,1
,martinbrad@yahoo.com,,1,1
,kkennedy@hotmail.com,,1,1
,joshua18@yahoo.com,,1,1
,millerphillip@yahoo.com,,1,1
,kellysarah@hotmail.com,,1,1
,ojones@yahoo.com,,1,1
,meredithbird@simon.biz,,1,1
,janicesalas@west.com,,1,1
,clarkbrittany@jacobson.net,,1,1
,joshua15@yahoo.com,,1,1
,jennifer61@gmail.com,,1,1
,zchan@cervantes.com,,1,1
,amassey@mcdonald.com,,1,1
,adamsandrew@gmail.com,,1,1
,phicks@obrien.com,,1,1
,sarahhoward@martinez.com,,1,1
,leeashley@gmail.com,,1,1
,tinacaldwell@olson-dixon.com,,1,1
,david13@huff-frye.org,,1,1
,michael16@hotmail.com,,1,1
,danielsbryan@rodriguez.biz,,1,1
,pateljordan@hotmail.com,,1,1
,jclark@moore.info,,1,1
,mendozarichard@yahoo.com,,1,1
,ashley66@johnston.biz,,1,1
,mary87@hotmail.com,,1,1
,xclark@hotmail.com,,1,1
,turnerkimberly@johnson.com,,1,1
,ifarrell@yahoo.com,,1,1
,omoran@carpenter-sanchez.com,,1,1
,nramos@benson.com,,1,1
,pmcguire@krause.info,,1,1
,joneskrista@black-stone.com,,1,1
,paulsmith@gmail.com,,1,1
,derrick94@cruz.com,,1,1
,mmartinez@rogers-sandoval.com,,1,1
,tthompson@yahoo.com,,1,1
,swagner@savage.com,,1,1
,dawnduke@yates-rodriguez.com,,1,1
,cgregory@lee.net,,1,1
,taylorjacqueline@harris.org,,1,1
,marysmith@khan-stephens.com,,1,1
,valdezrebecca@hotmail.com,,1,1
,john65@hotmail.com,,1,1
,daniel16@carr.com,,1,1
,hrobbins@cannon.com,,1,1
,stephaniejohnson@yahoo.com,,1,1
,tmoon@hotmail.com,,1,1
,qbright@myers.com,,1,1
,michael63@jensen.com,,1,1
,josephburnett@long-fernandez.com,,1,1
,dtaylor@anderson.com,,1,1
,dennisorozco@gmail.com,,1,1
,christopherlewis@smith.com,,1,1
,hernandezdanielle@smith-stark.com,,1,1
,simmonsjoshua@smith-wright.org,,1,1
,csmith@rodriguez.com,,1,1
,oneal@wallace-coleman.com,,1,1
,uodom@yahoo.com,,1,1
,amandastevenson@yahoo.com,,1,1
,michelle43@yahoo.com,,1,1
,ohunter@carter.biz,,1,1
,robertpayne@henson.com,,1,1
,brad32@yahoo.com,,1,1
,bgarcia@roach.com,,1,1
,wesleyharrell@matthews-schmidt.biz,,1,1
,rcisneros@gmail.com,,1,1
,dreid@powell.info,,1,1
,bross@gmail.com,,1,1
,bgarcia@castro.com,,1,1
,earl18@fowler.com,,1,1
,pittmanandrea@yahoo.com,,1,1
,yodermichael@gonzalez-drake.net,,1,1
,james67@yahoo.com,,1,1
,harry16@gmail.com,,1,1
,cooperjacqueline@yahoo.com,,1,1
,daniel17@craig.biz,,1,1
,marvin18@oconnor-terrell.com,,1,1
,shelleygiles@yahoo.com,,1,1
,ballen@gmail.com,,1,1
,xsmith@gmail.com,,1,1
,alynch@hotmail.com,,1,1
,cwalters@hotmail.com,,1,1
,audreyfrank@yahoo.com,,1,1
,ujordan@santiago.com,,1,1
,alexisthompson@king-novak.com,,1,1
,hansenemily@yahoo.com,,1,1
,jessicamartinez@cain.org,,1,1
,njohnson@yahoo.com,,1,1
,olivermichael@miller-rosales.org,,1,1
,christinataylor@gmail.com,,1,1
,turnersteven@yahoo.com,,1,1
,tamara07@hotmail.com,,1,1
,vcruz@hotmail.com,,1,1
,mejiaandrew@gmail.com,,1,1
,bushmark@russell.net,,1,1
,brittany60@yahoo.com,,1,1
,kjackson@yahoo.com,,1,1
,millerjesse@hotmail.com,,1,1
,andersonjessica@yahoo.com,,1,1
,jordanlopez@rice.net,,1,1
,sramirez@hotmail.com,,1,1
,randerson@yahoo.com,,1,1
,austinpadilla@hotmail.com,,1,1
,williamclark@rocha.com,,1,1
,karennoble@harris.biz,,1,1
,kim59@rios.info,,1,1
,andrewwinters@hotmail.com,,1,1
,williamscarol@williams.biz,,1,1
,phyllis87@herman.com,,1,1
,lopezjames@gmail.com,,1,1
,medinakenneth@king-campbell.com,,1,1
,aaron21@miller.com,,1,1
,vmartinez@gmail.com,,1,1
,tracyortiz@hotmail.com,,1,1
,martin66@yahoo.com,,1,1
,roseheather@gmail.com,,1,1
,gerald92@gibson.com,,1,1
,steven87@martinez-greene.com,,1,1
,michellebailey@gmail.com,,1,1
,isabelbrown@yahoo.com,,1,1
,mary08@gmail.com,,1,1
,hunterlisa@carroll-gonzalez.com,,1,1
,jschmidt@shaw.com,,1,1
,stephanie46@yahoo.com,,1,1
,wendyvaughn@yahoo.com,,1,1
,howardsherry@banks.com,,1,1
,shane08@hotmail.com,,1,1
,nmelton@gmail.com,,1,1
,trodriguez@hotmail.com,,1,1
,bennettkristen@maldonado.biz,,1,1
,heather30@yahoo.com,,1,1
,mccormickbrianna@gmail.com,,1,1
,johnnyhardy@gomez.net,,1,1
,jacquelinejackson@hotmail.com,,1,1
,webbraymond@schultz.com,,1,1
,josephrodriguez@gmail.com,,1,1
,kprice@gmail.com,,1,1
,christinacoleman@hunter-arnold.com,,1,1
,jessicamoore@gmail.com,,1,1
,patriciahenderson@brown.net,,1,1
,liamber@carter.com,,1,1
,vmercer@yahoo.com,,1,1
,coxbailey@fritz.com,,1,1
,tarasmith@hotmail.com,,1,1
,kimkeith@gmail.com,,1,1
,erik15@lee.com,,1,1
,pcooper@yahoo.com,,1,1
,helen28@henry-brown.com,,1,1
,murphyconnie@wilkinson-washington.org,,1,1
,ffoley@gonzalez.org,,1,1
,debbie84@trevino.org,,1,1
,qphillips@hotmail.com,,1,1
,andrearoberts@yahoo.com,,1,1
,johnsonrichard@hotmail.com,,1,1
,vsanders@gmail.com,,1,1
,barnettdiane@webster-meyer.biz,,1,1
,martinkathryn@schneider-petersen.com,,1,1
,whitney11@eaton.com,,1,1
,ashleywilliams@rollins.biz,,1,1
,rdavis@villarreal.info,,1,1
